Bookstore name, Street_name,Postcode
Richmond,"2-6 Hill Street, Richmond , TW9 1TN",TW9 1TN
Romford,"Lockwood Walk, The Liberty, Romford , RM1 3RJ",RM1 3RJ
Orpington,"Unit 16 Nugent Shopping Park, Orpington, BR5 3RP",BR5 3RP
Uxbridge,"240a Intu Uxbridge, Uxbridge, UB8 1GB",UB8 1GB
Enfield,"26 Church Street, Enfield, EN2 6BE",EN2 6BE
Bromley,"100 The Glades Shopping Centre, Bromley, BR1 1DJ",BR1 1DJ
Harrow,"60/62 St Ann's Road, Harrow, HA1 1JX",HA1 1JX
Barnet,"2 The Spires, Barnet, EN5 5XY",EN5 5XY
Twickenham,"19 King Street, Twickenham, TW1 3SD",TW1 3SD
Teddington,"65-67 High Street, Teddington, TW11 8HA",TW11 8HA
Croydon,"1063/4/7 Whitgift Centre, Croydon , CR0 1UX",CR0 1UX
Kingston upon Thames,"Unit S9 The Bentall Centre, Wood Street, Kingston upon Thames, KT1 1TR",KT1 1TR
Sutton,"71-81 High Street, Sutton , SM1 1ES",SM1 1ES
Ilford,"158-160 High Road, Ilford , IG1 1LL",IG1 1LL
London - Leadenhall Market,"1-3 Whittington Avenue, London , EC3V 1PJ",EC3V 1PJ
London - Canary Wharf (Cabot Place),"15 Cabot Square, Cabot Place East, London, E14 4QT",E14 4QT
London - Finchley Road O2 Centre,"Unit 5, O2 Centre, 255 Finchley Road, London, NW3 6LU",NW3 6LU
London - Wandsworth,"Unit 5, Southside Shopping Centre, Wandsworth, London, SW18 4TF",SW18 4TF
London - Wimbledon,"40/42 The Broadway, Wimbledon, London, SW19 1RQ",SW19 1RQ
London - Clapham Junction,"70 St John's Road, Clapham Junction, London, SW11 1PT",SW11 1PT
London - Putney,"5 Exchange Centre, Putney, London, SW15 1TW",SW15 1TW
London - Greenwich,"51 Greenwich Church Street, London, SE10 9BL",SE10 9BL
London - Tottenham Court Road,"19-20 Tottenham Court Road, London, W1T 1BJ",W1T 1BJ
London - Walthamstow,"Unit 30-31 Selbourne Walk Shopping Centre, Walthamstow, London, E17 7JR",E17 7JR
London - Kensington,"130 Kensington High Street, London, W8 7RL",W8 7RL
London - Ealing,"64 Ealing Broadway Centre, London, W5 5JY",W5 5JY
London - Finchley,"782 High Street, North Finchley, London, N12 8JY",N12 8JY
London - Hatchards - Piccadilly,"187 Piccadilly, London , W1J 9LE",W1J 9LE
London - Crouch End,"Unit 1, 2-4 The Broadway, Crouch End, London, N8 9SN",N8 9SN
London - Camden,"128 Camden High Street, London, NW1 0LU",NW1 0LU
London - Gower Street,"82 Gower Street, London , WC1E 6EQ",WC1E 6EQ
London - King's Road,"158 King's Road, Chelsea, London , SW3 3NR",SW3 3NR
London - Trafalgar Square,"The Grand Building, Trafalgar Square, London, WC2N 5EJ",WC2N 5EJ
London - Chiswick,"220-226 Chiswick High Road, London, W4 1PD",W4 1PD
London - Covent Garden,"9-13 Garrick Street, London, WC2E 9AU",WC2E 9AU
London - Islington,"11 Islington Green, London , N1 2XH",N1 2XH
London - Piccadilly,"203/206 Piccadilly, London, W1J 9HD",W1J 9HD
London - Notting Hill,"39-41 Notting Hill Gate, London , W11 3JQ",W11 3JQ
London - Hampstead,"68-69 Hampstead High Street, London , NW3 1QP",NW3 1QP
London - Victoria,"Cardinal Place, 88 Victoria Street, London, SW1E 5JL",SW1E 5JL
London - Blackheath Bookshop,"34 Tranquil Vale, Blackheath, London, SE3 0AX",SE3 0AX
London - Liverpool Street Underground Station,"Liverpool Street Underground Station, Central Line Ticket Hall, London, EC2M 7PP",EC2M 7PP
London - Hatchards - St Pancras,"Unit 7, St Pancras International Station, Euston Road, London, N1C 4QP",N1C 4QP
